0.0,132475
0.01,1901
0.02,1374
0.03,1036
0.04,845
0.05,659
0.06,550
0.07,478
0.08,393
0.09,365
0.1,12131
0.11,326
0.12,293
0.13,326
0.14,298
0.15,243
0.16,239
0.17,269
0.18,259
0.19,262
0.2,6646
0.21,267
0.22,283
0.23,299
0.24,305
0.25,290
0.26,330
0.27,324
0.28,329
0.29,325
0.3,6063
0.31,397
0.32,385
0.33,382
0.34,428
0.35,450
0.36,492
0.37,487
0.38,486
0.39,502
0.4,7217
0.41,572
0.42,596
0.43,594
0.44,642
0.45,642
0.46,706
0.47,705
0.48,765
0.49,748
0.5,9279
0.51,811
0.52,811
0.53,869
0.54,895
0.55,916
0.56,964
0.57,889
0.58,963
0.59,916
0.6,11694
0.61,1066
0.62,1020
0.63,1068
0.64,1056
0.65,1081
0.66,1138
0.67,1046
0.68,1136
0.69,1085
0.7,11541
0.71,1167
0.72,1124
0.73,1081
0.74,1208
0.75,1187
0.76,1303
0.77,1215
0.78,1250
0.79,1202
0.8,10802
0.81,1187
0.82,1283
0.83,1263
0.84,1288
0.85,1255
0.86,1269
0.87,1241
0.88,1277
0.89,1210
0.9,9817
0.91,1219
0.92,1136
0.93,1251
0.94,1283
0.95,1253
0.96,1268
0.97,1234
0.98,1236
0.99,1245
1.0,12332
1.01,1340
1.02,1377
1.03,1260
1.04,1379
1.05,1261
1.06,1276
1.07,1246
1.08,1290
1.09,1253
1.1,9921
1.11,1179
1.12,1227
1.13,1226
1.14,1266
1.15,1226
1.16,1262
1.17,1162
1.18,1232
1.19,1202
1.2,7819
1.21,1200
1.22,1232
1.23,1208
1.24,1279
1.25,1164
1.26,1147
1.27,1133
1.28,1213
1.29,1062
1.3,6986
1.31,1146
1.32,1127
1.33,1120
1.34,1117
1.35,1104
1.36,1096
1.37,1060
1.38,1051
1.39,1028
1.4,6091
1.41,997
1.42,1023
1.43,966
1.44,1070
1.45,1043
1.46,1053
1.47,1044
1.48,981
1.49,1041
1.5,5948
1.51,1021
1.52,986
1.53,949
1.54,994
1.55,1013
1.56,1023
1.57,1005
1.58,1039
1.59,998
1.6,5403
1.61,988
1.62,996
1.63,991
1.64,938
1.65,951
1.66,937
1.67,852
1.68,955
1.69,920
1.7,5354
1.71,966
1.72,945
1.73,843
1.74,947
1.75,910
1.76,922
1.77,907
1.78,883
1.79,892
1.8,4978
1.81,833
1.82,853
1.83,884
1.84,889
1.85,859
1.86,863
1.87,844
1.88,821
1.89,786
1.9,4309
1.91,823
1.92,807
1.93,774
1.94,776
1.95,732
1.96,737
1.97,768
1.98,736
1.99,782
2.0,4021
2.01,773
2.02,719
2.03,697
2.04,733
2.05,730
2.06,748
2.07,731
2.08,754
2.09,717
2.1,3558
2.11,672
2.12,688
2.13,632
2.14,712
2.15,638
2.16,635
2.17,623
2.18,625
2.19,650
2.2,3208
2.21,623
2.22,591
2.23,577
2.24,633
2.25,589
2.26,586
2.27,578
2.28,579
2.29,592
2.3,2767
2.31,594
2.32,578
2.33,559
2.34,570
2.35,532
2.36,588
2.37,531
2.38,537
2.39,515
2.4,2635
2.41,538
2.42,573
2.43,546
2.44,550
2.45,523
2.46,513
2.47,509
2.48,550
2.49,480
2.5,2581
2.51,498
2.52,495
2.53,500
2.54,514
2.55,483
2.56,530
2.57,496
2.58,495
2.59,500
2.6,2351
2.61,511
2.62,494
2.63,476
2.64,483
2.65,528
2.66,478
2.67,447
2.68,481
2.69,436
2.7,2339
2.71,503
2.72,525
2.73,486
2.74,488
2.75,469
2.76,470
2.77,469
2.78,505
2.79,507
2.8,2370
2.81,415
2.82,494
2.83,482
2.84,473
2.85,429
2.86,479
2.87,487
2.88,454
2.89,451
2.9,2389
2.91,448
2.92,459
2.93,475
2.94,458
2.95,470
2.96,476
2.97,467
2.98,437
2.99,429
3.0,2293
3.01,465
3.02,495
3.03,438
3.04,443
3.05,401
3.06,465
3.07,454
3.08,411
3.09,384
3.1,2223
3.11,420
3.12,474
3.13,394
3.14,455
3.15,455
3.16,463
3.17,427
3.18,395
3.19,445
3.2,2230
3.21,446
3.22,406
3.23,418
3.24,424
3.25,435
3.26,408
3.27,358
3.28,393
3.29,378
3.3,1994
3.31,413
3.32,429
3.33,367
3.34,388
3.35,390
3.36,391
3.37,382
3.38,401
3.39,392
3.4,1845
3.41,369
3.42,395
3.43,372
3.44,361
3.45,342
3.46,376
3.47,349
3.48,355
3.49,318
3.5,1749
3.51,369
3.52,366
3.53,341
3.54,345
3.55,374
3.56,336
3.57,335
3.58,316
3.59,347
3.6,1651
3.61,324
3.62,323
3.63,285
3.64,352
3.65,315
3.66,302
3.67,327
3.68,319
3.69,366
3.7,1430
3.71,311
3.72,277
3.73,319
3.74,322
3.75,287
3.76,313
3.77,300
3.78,316
3.79,314
3.8,1403
3.81,305
3.82,307
3.83,299
3.84,295
3.85,257
3.86,297
3.87,309
3.88,312
3.89,281
3.9,1360
3.91,268
3.92,262
3.93,288
3.94,290
3.95,258
3.96,288
3.97,223
3.98,275
3.99,277
4.0,1289
4.01,254
4.02,285
4.03,249
4.04,284
4.05,278
4.06,240
4.07,273
4.08,299
4.09,301
4.1,1276
4.11,230
4.12,263
4.13,269
4.14,239
4.15,262
4.16,267
4.17,257
4.18,268
4.19,226
4.2,1233
4.21,225
4.22,234
4.23,243
4.24,263
4.25,251
4.26,239
4.27,238
4.28,263
4.29,205
4.3,1202
4.31,219
4.32,248
4.33,248
4.34,241
4.35,257
4.36,259
4.37,241
4.38,226
4.39,230
4.4,1114
4.41,225
4.42,234
4.43,232
4.44,238
4.45,243
4.46,220
4.47,263
4.48,251
4.49,218
4.5,1099
4.51,232
4.52,252
4.53,255
4.54,228
4.55,196
4.56,237
4.57,200
4.58,253
4.59,203
4.6,1134
4.61,235
4.62,224
4.63,209
4.64,236
4.65,226
4.66,205
4.67,225
4.68,238
4.69,206
4.7,1044
4.71,229
4.72,205
4.73,218
4.74,211
4.75,231
4.76,230
4.77,221
4.78,225
4.79,172
4.8,983
4.81,203
4.82,204
4.83,187
4.84,192
4.85,226
4.86,212
4.87,219
4.88,195
4.89,202
4.9,1034
4.91,172
4.92,233
4.93,237
4.94,212
4.95,224
4.96,206
4.97,202
4.98,197
4.99,196
5.0,975
5.01,195
5.02,194
5.03,195
5.04,212
5.05,198
5.06,207
5.07,205
5.08,201
5.09,200
5.1,992
5.11,181
5.12,207
5.13,187
5.14,192
5.15,181
5.16,188
5.17,209
5.18,195
5.19,203
5.2,1002
5.21,195
5.22,192
5.23,207
5.24,194
5.25,183
5.26,188
5.27,179
5.28,206
5.29,197
5.3,1030
5.31,176
5.32,190
5.33,196
5.34,187
5.35,199
5.36,186
5.37,170
5.38,188
5.39,201
5.4,949
5.41,187
5.42,186
5.43,197
5.44,211
5.45,191
5.46,188
5.47,211
5.48,193
5.49,181
5.5,918
5.51,188
5.52,162
5.53,179
5.54,213
5.55,184
5.56,196
5.57,177
5.58,183
5.59,165
5.6,886
5.61,177
5.62,168
5.63,174
5.64,181
5.65,186
5.66,175
5.67,204
5.68,178
5.69,183
5.7,913
5.71,177
5.72,172
5.73,176
5.74,170
5.75,208
5.76,164
5.77,174
5.78,167
5.79,204
5.8,854
5.81,177
5.82,186
5.83,168
5.84,171
5.85,173
5.86,184
5.87,187
5.88,164
5.89,183
5.9,881
5.91,165
5.92,179
5.93,175
5.94,165
5.95,158
5.96,173
5.97,166
5.98,178
5.99,178
6.0,964
6.01,156
6.02,186
6.03,166
6.04,177
6.05,153
6.06,181
6.07,167
6.08,163
6.09,185
6.1,894
6.11,201
6.12,178
6.13,154
6.14,165
6.15,165
6.16,182
6.17,190
6.18,173
6.19,169
6.2,829
6.21,188
6.22,154
6.23,158
6.24,205
6.25,158
6.26,155
6.27,151
6.28,168
6.29,190
6.3,868
6.31,180
6.32,171
6.33,162
6.34,147
6.35,161
6.36,170
6.37,167
6.38,161
6.39,176
6.4,900
6.41,131
6.42,165
6.43,148
6.44,160
6.45,172
6.46,178
6.47,171
6.48,150
6.49,154
6.5,908
6.51,164
6.52,149
6.53,161
6.54,172
6.55,153
6.56,187
6.57,168
6.58,152
6.59,170
6.6,906
6.61,176
6.62,157
6.63,155
6.64,148
6.65,154
6.66,155
6.67,158
6.68,157
6.69,175
6.7,911
6.71,166
6.72,169
6.73,167
6.74,174
6.75,159
6.76,162
6.77,149
6.78,154
6.79,150
6.8,816
6.81,140
6.82,190
6.83,153
6.84,148
6.85,162
6.86,150
6.87,157
6.88,155
6.89,158
6.9,862
6.91,150
6.92,148
6.93,164
6.94,155
6.95,137
6.96,173
6.97,153
6.98,147
6.99,175
7.0,889
7.01,137
7.02,152
7.03,175
7.04,155
7.05,147
7.06,189
7.07,184
7.08,146
7.09,143
7.1,830
7.11,167
7.12,148
7.13,153
7.14,167
7.15,173
7.16,149
7.17,155
7.18,145
7.19,159
7.2,922
7.21,140
7.22,155
7.23,162
7.24,149
7.25,149
7.26,137
7.27,146
7.28,141
7.29,131
7.3,921
7.31,138
7.32,140
7.33,156
7.34,131
7.35,141
7.36,131
7.37,146
7.38,139
7.39,139
7.4,860
7.41,142
7.42,148
7.43,127
7.44,128
7.45,134
7.46,143
7.47,140
7.48,141
7.49,167
7.5,769
7.51,139
7.52,131
7.53,152
7.54,135
7.55,140
7.56,156
7.57,144
7.58,156
7.59,130
7.6,793
7.61,146
7.62,143
7.63,137
7.64,160
7.65,141
7.66,133
7.67,135
7.68,126
7.69,123
7.7,854
7.71,146
7.72,163
7.73,171
7.74,136
7.75,163
7.76,131
7.77,158
7.78,176
7.79,129
7.8,779
7.81,131
7.82,167
7.83,147
7.84,129
7.85,148
7.86,135
7.87,146
7.88,140
7.89,129
7.9,817
7.91,145
7.92,157
7.93,155
7.94,134
7.95,162
7.96,128
7.97,134
7.98,141
7.99,150
8.0,786
8.01,162
8.02,149
8.03,127
8.04,143
8.05,134
8.06,138
8.07,147
8.08,158
8.09,140
8.1,806
8.11,142
8.12,162
8.13,134
8.14,139
8.15,151
8.16,129
8.17,165
8.18,153
8.19,135
8.2,798
8.21,125
8.22,144
8.23,129
8.24,170
8.25,135
8.26,138
8.27,144
8.28,166
8.29,150
8.3,823
8.31,108
8.32,127
8.33,143
8.34,150
8.35,134
8.36,138
8.37,153
8.38,146
8.39,153
8.4,800
8.41,136
8.42,150
8.43,160
8.44,134
8.45,152
8.46,148
8.47,151
8.48,157
8.49,139
8.5,736
8.51,141
8.52,130
8.53,151
8.54,141
8.55,147
8.56,141
8.57,160
8.58,149
8.59,132
8.6,802
8.61,151
8.62,153
8.63,120
8.64,155
8.65,137
8.66,143
8.67,141
8.68,147
8.69,138
8.7,846
8.71,148
8.72,137
8.73,138
8.74,138
8.75,130
8.76,156
8.77,156
8.78,153
8.79,138
8.8,880
8.81,127
8.82,145
8.83,133
8.84,149
8.85,150
8.86,148
8.87,139
8.88,151
8.89,142
8.9,866
8.91,134
8.92,144
8.93,152
8.94,140
8.95,155
8.96,131
8.97,128
8.98,156
8.99,136
9.0,950
9.01,160
9.02,150
9.03,138
9.04,162
9.05,155
9.06,150
9.07,168
9.08,134
9.09,151
9.1,893
9.11,149
9.12,158
9.13,158
9.14,143
9.15,142
9.16,137
9.17,139
9.18,172
9.19,176
9.2,964
9.21,164
9.22,166
9.23,157
9.24,170
9.25,147
9.26,168
9.27,142
9.28,158
9.29,124
9.3,874
9.31,158
9.32,171
9.33,183
9.34,144
9.35,181
9.36,165
9.37,160
9.38,184
9.39,156
9.4,943
9.41,172
9.42,153
9.43,157
9.44,179
9.45,159
9.46,170
9.47,163
9.48,190
9.49,187
9.5,990
9.51,170
9.52,181
9.53,149
9.54,173
9.55,161
9.56,177
9.57,170
9.58,189
9.59,176
9.6,936
9.61,185
9.62,184
9.63,194
9.64,178
9.65,166
9.66,183
9.67,185
9.68,182
9.69,146
9.7,940
9.71,168
9.72,202
9.73,162
9.74,177
9.75,181
9.76,201
9.77,172
9.78,152
9.79,171
9.8,962
9.81,183
9.82,183
9.83,152
9.84,193
9.85,195
9.86,196
9.87,174
9.88,178
9.89,162
9.9,998
9.91,165
9.92,172
9.93,171
9.94,165
9.95,178
9.96,191
9.97,190
9.98,209
9.99,167
10.0,923
10.01,160
10.02,190
10.03,167
10.04,175
10.05,158
10.06,156
10.07,188
10.08,179
10.09,164
10.1,936
10.11,193
10.12,187
10.13,186
10.14,178
10.15,182
10.16,189
10.17,202
10.18,194
10.19,165
10.2,1012
10.21,214
10.22,193
10.23,158
10.24,177
10.25,185
10.26,202
10.27,154
10.28,166
10.29,204
10.3,1038
10.31,182
10.32,192
10.33,171
10.34,219
10.35,171
10.36,174
10.37,204
10.38,198
10.39,176
10.4,971
10.41,200
10.42,188
10.43,178
10.44,198
10.45,198
10.46,209
10.47,171
10.48,193
10.49,190
10.5,1092
10.51,198
10.52,172
10.53,199
10.54,209
10.55,198
10.56,177
10.57,202
10.58,216
10.59,187
10.6,1048
10.61,184
10.62,200
10.63,230
10.64,206
10.65,207
10.66,226
10.67,187
10.68,191
10.69,192
10.7,1089
10.71,210
10.72,219
10.73,186
10.74,226
10.75,185
10.76,199
10.77,207
10.78,214
10.79,223
10.8,1123
10.81,227
10.82,226
10.83,214
10.84,219
10.85,222
10.86,245
10.87,212
10.88,229
10.89,210
10.9,1103
10.91,229
10.92,209
10.93,223
10.94,240
10.95,239
10.96,242
10.97,200
10.98,234
10.99,195
11.0,1111
11.01,216
11.02,187
11.03,190
11.04,218
11.05,204
11.06,201
11.07,236
11.08,241
11.09,196
11.1,1134
11.11,233
11.12,236
11.13,229
11.14,229
11.15,228
11.16,207
11.17,223
11.18,223
11.19,217
11.2,1062
11.21,219
11.22,226
11.23,203
11.24,223
11.25,214
11.26,195
11.27,233
11.28,217
11.29,207
11.3,1130
11.31,221
11.32,208
11.33,246
11.34,217
11.35,243
11.36,184
11.37,210
11.38,220
11.39,216
11.4,1011
11.41,239
11.42,221
11.43,224
11.44,228
11.45,225
11.46,196
11.47,216
11.48,217
11.49,214
11.5,1051
11.51,222
11.52,233
11.53,203
11.54,208
11.55,223
11.56,205
11.57,215
11.58,216
11.59,188
11.6,1028
11.61,199
11.62,167
11.63,209
11.64,235
11.65,227
11.66,228
11.67,219
11.68,236
11.69,207
11.7,1071
11.71,226
11.72,236
11.73,182
11.74,219
11.75,220
11.76,193
11.77,193
11.78,200
11.79,214
11.8,1129
11.81,211
11.82,203
11.83,237
11.84,186
11.85,208
11.86,207
11.87,194
11.88,196
11.89,187
11.9,1064
11.91,200
11.92,195
11.93,181
11.94,167
11.95,192
11.96,195
11.97,160
11.98,184
11.99,169
12.0,1105
12.01,189
12.02,168
12.03,185
12.04,166
12.05,161
12.06,179
12.07,162
12.08,165
12.09,161
12.1,976
12.11,159
12.12,168
12.13,146
12.14,170
12.15,162
12.16,148
12.17,146
12.18,164
12.19,155
12.2,998
12.21,150
12.22,159
12.23,178
12.24,184
12.25,156
12.26,162
12.27,141
12.28,159
12.29,151
12.3,989
12.31,162
12.32,167
12.33,170
12.34,175
12.35,149
12.36,177
12.37,135
12.38,170
12.39,145
12.4,1034
12.41,153
12.42,161
12.43,149
12.44,154
12.45,133
12.46,166
12.47,170
12.48,153
12.49,149
12.5,1015
12.51,144
12.52,155
12.53,161
12.54,142
12.55,160
12.56,152
12.57,159
12.58,160
12.59,137
12.6,1012
12.61,149
12.62,140
12.63,173
12.64,169
12.65,139
12.66,170
12.67,144
12.68,148
12.69,160
12.7,1145
12.71,151
12.72,153
12.73,163
12.74,153
12.75,176
12.76,172
12.77,160
12.78,167
12.79,166
12.8,1048
12.81,154
12.82,163
12.83,146
12.84,175
12.85,136
12.86,147
12.87,160
12.88,156
12.89,158
12.9,1026
12.91,156
12.92,151
12.93,138
12.94,148
12.95,165
12.96,140
12.97,151
12.98,159
12.99,146
13.0,1016
13.01,152
13.02,147
13.03,181
13.04,179
13.05,145
13.06,179
13.07,138
13.08,153
13.09,144
13.1,1008
13.11,125
13.12,163
13.13,120
13.14,139
13.15,160
13.16,167
13.17,137
13.18,148
13.19,130
13.2,880
13.21,148
13.22,128
13.23,150
13.24,162
13.25,154
13.26,158
13.27,129
13.28,126
13.29,124
13.3,910
13.31,137
13.32,136
13.33,128
13.34,145
13.35,138
13.36,128
13.37,137
13.38,107
13.39,124
13.4,855
13.41,135
13.42,144
13.43,130
13.44,115
13.45,120
13.46,117
13.47,130
13.48,130
13.49,109
13.5,832
13.51,137
13.52,137
13.53,138
13.54,138
13.55,123
13.56,142
13.57,140
13.58,124
13.59,121
13.6,847
13.61,123
13.62,117
13.63,120
13.64,133
13.65,126
13.66,131
13.67,116
13.68,109
13.69,148
13.7,834
13.71,146
13.72,133
13.73,125
13.74,134
13.75,133
13.76,119
13.77,130
13.78,139
13.79,150
13.8,840
13.81,141
13.82,115
13.83,144
13.84,120
13.85,108
13.86,117
13.87,137
13.88,97
13.89,121
13.9,804
13.91,134
13.92,111
13.93,110
13.94,136
13.95,115
13.96,127
13.97,111
13.98,104
13.99,114
14.0,798
14.01,114
14.02,143
14.03,131
14.04,123
14.05,122
14.06,127
14.07,111
14.08,130
14.09,101
14.1,813
14.11,117
14.12,133
14.13,107
14.14,125
14.15,120
14.16,130
14.17,105
14.18,137
14.19,100
14.2,787
14.21,128
14.22,110
14.23,125
14.24,120
14.25,116
14.26,108
14.27,105
14.28,115
14.29,138
14.3,834
14.31,115
14.32,116
14.33,124
14.34,123
14.35,117
14.36,115
14.37,126
14.38,126
14.39,129
14.4,785
14.41,121
14.42,129
14.43,132
14.44,135
14.45,119
14.46,118
14.47,114
14.48,143
14.49,109
14.5,794
14.51,117
14.52,132
14.53,119
14.54,112
14.55,131
14.56,133
14.57,114
14.58,114
14.59,121
14.6,790
14.61,120
14.62,125
14.63,108
14.64,124
14.65,125
14.66,133
14.67,123
14.68,115
14.69,106
14.7,778
14.71,109
14.72,120
14.73,121
14.74,111
14.75,115
14.76,119
14.77,103
14.78,113
14.79,124
14.8,738
14.81,119
14.82,123
14.83,121
14.84,135
14.85,138
14.86,108
14.87,125
14.88,116
14.89,115
14.9,731
14.91,114
14.92,110
14.93,109
14.94,112
14.95,103
14.96,129
14.97,122
14.98,102
14.99,114
15.0,688
15.01,100
15.02,128
15.03,97
15.04,108
15.05,127
15.06,115
15.07,100
15.08,95
15.09,126
15.1,732
15.11,107
15.12,115
15.13,118
15.14,111
15.15,117
15.16,113
15.17,121
15.18,115
15.19,124
15.2,667
15.21,105
15.22,118
15.23,104
15.24,106
15.25,93
15.26,99
15.27,104
15.28,108
15.29,112
15.3,739
15.31,117
15.32,110
15.33,113
15.34,105
15.35,108
15.36,113
15.37,90
15.38,108
15.39,93
15.4,627
15.41,94
15.42,113
15.43,105
15.44,125
15.45,89
15.46,100
15.47,101
15.48,84
15.49,96
15.5,674
15.51,102
15.52,102
15.53,106
15.54,117
15.55,102
15.56,101
15.57,88
15.58,121
15.59,92
15.6,669
15.61,98
15.62,106
15.63,99
15.64,94
15.65,106
15.66,85
15.67,101
15.68,110
15.69,88
15.7,676
15.71,103
15.72,91
15.73,94
15.74,94
15.75,107
15.76,102
15.77,105
15.78,98
15.79,102
15.8,682
15.81,87
15.82,110
15.83,83
15.84,97
15.85,101
15.86,106
15.87,90
15.88,103
15.89,119
15.9,645
15.91,94
15.92,103
15.93,96
15.94,93
15.95,102
15.96,97
15.97,81
15.98,104
15.99,101
16.0,660
16.01,92
16.02,93
16.03,101
16.04,95
16.05,113
16.06,98
16.07,93
16.08,80
16.09,98
16.1,673
16.11,99
16.12,101
16.13,108
16.14,109
16.15,100
16.16,92
16.17,97
16.18,108
16.19,106
16.2,676
16.21,115
16.22,86
16.23,110
16.24,114
16.25,108
16.26,126
16.27,95
16.28,98
16.29,101
16.3,763
16.31,111
16.32,97
16.33,105
16.34,111
16.35,102
16.36,81
16.37,105
16.38,107
16.39,116
16.4,839
16.41,100
16.42,104
16.43,105
16.44,114
16.45,100
16.46,123
16.47,126
16.48,124
16.49,124
16.5,883
16.51,118
16.52,153
16.53,149
16.54,109
16.55,112
16.56,128
16.57,111
16.58,136
16.59,127
16.6,908
16.61,113
16.62,143
16.63,148
16.64,144
16.65,118
16.66,133
16.67,141
16.68,133
16.69,140
16.7,1083
16.71,143
16.72,160
16.73,131
16.74,138
16.75,160
16.76,159
16.77,155
16.78,131
16.79,132
16.8,1119
16.81,168
16.82,163
16.83,150
16.84,161
16.85,164
16.86,172
16.87,197
16.88,191
16.89,169
16.9,1190
16.91,150
16.92,188
16.93,168
16.94,169
16.95,163
16.96,158
16.97,158
16.98,200
16.99,185
17.0,1363
17.01,192
17.02,185
17.03,187
17.04,210
17.05,152
17.06,198
17.07,208
17.08,220
17.09,210
17.1,1533
17.11,213
17.12,198
17.13,220
17.14,212
17.15,216
17.16,219
17.17,226
17.18,230
17.19,208
17.2,1689
17.21,239
17.22,218
17.23,237
17.24,232
17.25,253
17.26,253
17.27,251
17.28,275
17.29,240
17.3,1810
17.31,280
17.32,291
17.33,270
17.34,258
17.35,260
17.36,270
17.37,281
17.38,270
17.39,274
17.4,2043
17.41,279
17.42,320
17.43,262
17.44,290
17.45,281
17.46,303
17.47,281
17.48,296
17.49,334
17.5,2267
17.51,328
17.52,348
17.53,292
17.54,320
17.55,324
17.56,336
17.57,308
17.58,343
17.59,320
17.6,2343
17.61,343
17.62,349
17.63,333
17.64,371
17.65,356
17.66,402
17.67,346
17.68,372
17.69,341
17.7,2351
17.71,319
17.72,384
17.73,354
17.74,410
17.75,415
17.76,369
17.77,392
17.78,417
17.79,399
17.8,2461
17.81,372
17.82,361
17.83,346
17.84,379
17.85,372
17.86,373
17.87,348
17.88,357
17.89,366
17.9,2325
17.91,346
17.92,381
17.93,394
17.94,320
17.95,312
17.96,382
17.97,352
17.98,378
17.99,348
18.0,2153
18.01,339
18.02,361
18.03,377
18.04,341
18.05,354
18.06,332
18.07,317
18.08,332
18.09,312
18.1,1960
18.11,333
18.12,326
18.13,336
18.14,325
18.15,294
18.16,294
18.17,283
18.18,317
18.19,316
18.2,1666
18.21,278
18.22,276
18.23,277
18.24,254
18.25,274
18.26,238
18.27,260
18.28,254
18.29,242
18.3,1395
18.31,212
18.32,232
18.33,217
18.34,219
18.35,233
18.36,225
18.37,197
18.38,225
18.39,209
18.4,1198
18.41,175
18.42,193
18.43,198
18.44,187
18.45,206
18.46,155
18.47,173
18.48,153
18.49,173
18.5,1003
18.51,191
18.52,156
18.53,151
18.54,144
18.55,153
18.56,155
18.57,131
18.58,133
18.59,158
18.6,873
18.61,117
18.62,133
18.63,126
18.64,117
18.65,114
18.66,119
18.67,131
18.68,114
18.69,129
18.7,690
18.71,124
18.72,114
18.73,111
18.74,82
18.75,87
18.76,102
18.77,100
18.78,105
18.79,76
18.8,566
18.81,102
18.82,98
18.83,68
18.84,109
18.85,94
18.86,82
18.87,90
18.88,93
18.89,82
18.9,487
18.91,77
18.92,78
18.93,69
18.94,85
18.95,69
18.96,82
18.97,80
18.98,61
18.99,80
19.0,415
19.01,62
19.02,76
19.03,70
19.04,57
19.05,63
19.06,61
19.07,75
19.08,61
19.09,64
19.1,363
19.11,66
19.12,61
19.13,48
19.14,65
19.15,64
19.16,67
19.17,42
19.18,54
19.19,52
19.2,332
19.21,53
19.22,53
19.23,59
19.24,53
19.25,57
19.26,46
19.27,54
19.28,54
19.29,43
19.3,263
19.31,48
19.32,34
19.33,51
19.34,56
19.35,44
19.36,41
19.37,53
19.38,46
19.39,38
19.4,238
19.41,43
19.42,46
19.43,44
19.44,45
19.45,47
19.46,45
19.47,46
19.48,35
19.49,34
19.5,243
19.51,41
19.52,35
19.53,45
19.54,32
19.55,35
19.56,36
19.57,51
19.58,46
19.59,33
19.6,267
19.61,24
19.62,41
19.63,40
19.64,38
19.65,36
19.66,33
19.67,46
19.68,38
19.69,36
19.7,197
19.71,31
19.72,31
19.73,35
19.74,39
19.75,44
19.76,41
19.77,34
19.78,31
19.79,39
19.8,234
19.81,34
19.82,40
19.83,38
19.84,42
19.85,40
19.86,35
19.87,37
19.88,43
19.89,30
19.9,197
19.91,41
19.92,42
19.93,43
19.94,38
19.95,53
19.96,33
19.97,29
19.98,45
19.99,29
20.0,233
20.01,31
20.02,33
20.03,30
20.04,35
20.05,48
20.06,55
20.07,36
20.08,42
20.09,47
20.1,238
20.11,28
20.12,32
20.13,35
20.14,31
20.15,34
20.16,32
20.17,31
20.18,39
20.19,33
20.2,253
20.21,32
20.22,35
20.23,36
20.24,43
20.25,33
20.26,32
20.27,42
20.28,45
20.29,29
20.3,239
20.31,32
20.32,40
20.33,41
20.34,38
20.35,40
20.36,35
20.37,32
20.38,37
20.39,34
20.4,237
20.41,29
20.42,37
20.43,32
20.44,33
20.45,33
20.46,32
20.47,44
20.48,30
20.49,40
20.5,224
20.51,37
20.52,31
20.53,33
20.54,45
20.55,31
20.56,34
20.57,37
20.58,52
20.59,34
20.6,260
20.61,33
20.62,40
20.63,37
20.64,45
20.65,30
20.66,30
20.67,55
20.68,52
20.69,53
20.7,261
20.71,38
20.72,34
20.73,43
20.74,51
20.75,39
20.76,41
20.77,49
20.78,36
20.79,37
20.8,272
20.81,46
20.82,42
20.83,43
20.84,47
20.85,45
20.86,32
20.87,51
20.88,42
20.89,43
20.9,312
20.91,46
20.92,47
20.93,42
20.94,34
20.95,46
20.96,41
20.97,58
20.98,42
20.99,51
21.0,284
21.01,37
21.02,63
21.03,48
21.04,44
21.05,33
21.06,31
21.07,52
21.08,48
21.09,53
21.1,278
21.11,36
21.12,39
21.13,46
21.14,49
21.15,49
21.16,48
21.17,38
21.18,36
21.19,41
21.2,254
21.21,42
21.22,47
21.23,34
21.24,52
21.25,46
21.26,44
21.27,58
21.28,47
21.29,35
21.3,240
21.31,40
21.32,40
21.33,31
21.34,49
21.35,41
21.36,22
21.37,44
21.38,29
21.39,47
21.4,228
21.41,31
21.42,40
21.43,33
21.44,40
21.45,37
21.46,35
21.47,33
21.48,29
21.49,34
21.5,168
21.51,31
21.52,35
21.53,26
21.54,30
21.55,31
21.56,19
21.57,24
21.58,25
21.59,35
21.6,150
21.61,24
21.62,30
21.63,24
21.64,29
21.65,18
21.66,28
21.67,23
21.68,23
21.69,27
21.7,133
21.71,25
21.72,27
21.73,17
21.74,34
21.75,22
21.76,17
21.77,22
21.78,22
21.79,30
21.8,109
21.81,17
21.82,22
21.83,18
21.84,17
21.85,21
21.86,19
21.87,17
21.88,20
21.89,19
21.9,108
21.91,20
21.92,19
21.93,20
21.94,17
21.95,24
21.96,27
21.97,19
21.98,21
21.99,12
22.0,92
22.01,18
22.02,17
22.03,18
22.04,10
22.05,18
22.06,18
22.07,16
22.08,13
22.09,12
22.1,91
22.11,19
22.12,16
22.13,24
22.14,17
22.15,17
22.16,12
22.17,19
22.18,9
22.19,12
22.2,83
22.21,19
22.22,13
22.23,14
22.24,16
22.25,7
22.26,12
22.27,10
22.28,20
22.29,15
22.3,76
22.31,10
22.32,17
22.33,17
22.34,16
22.35,16
22.36,16
22.37,12
22.38,16
22.39,19
22.4,66
22.41,14
22.42,15
22.43,17
22.44,18
22.45,11
22.46,15
22.47,14
22.48,13
22.49,8
22.5,84
22.51,15
22.52,18
22.53,16
22.54,15
22.55,12
22.56,14
22.57,14
22.58,13
22.59,15
22.6,61
22.61,18
22.62,9
22.63,25
22.64,7
22.65,10
22.66,10
22.67,8
22.68,9
22.69,10
22.7,61
22.71,13
22.72,13
22.73,21
22.74,7
22.75,13
22.76,12
22.77,12
22.78,13
22.79,13
22.8,69
22.81,10
22.82,12
22.83,9
22.84,26
22.85,9
22.86,15
22.87,11
22.88,13
22.89,11
22.9,54
22.91,9
22.92,9
22.93,15
22.94,8
22.95,11
22.96,8
22.97,14
22.98,17
22.99,9
23.0,62
23.01,11
23.02,13
23.03,12
23.04,9
23.05,7
23.06,10
23.07,17
23.08,17
23.09,12
23.1,69
23.11,9
23.12,9
23.13,13
23.14,9
23.15,18
23.16,5
23.17,8
23.18,13
23.19,13
23.2,64
23.21,8
23.22,9
23.23,19
23.24,9
23.25,5
23.26,13
23.27,7
23.28,14
23.29,6
23.3,70
23.31,11
23.32,17
23.33,8
23.34,12
23.35,8
23.36,10
23.37,12
23.38,5
23.39,6
23.4,61
23.41,6
23.42,6
23.43,10
23.44,15
23.45,9
23.46,14
23.47,18
23.48,13
23.49,10
23.5,73
23.51,13
23.52,5
23.53,18
23.54,8
23.55,13
23.56,15
23.57,16
23.58,12
23.59,15
23.6,61
23.61,11
23.62,9
23.63,8
23.64,15
23.65,19
23.66,15
23.67,15
23.68,16
23.69,6
23.7,62
23.71,18
23.72,13
23.73,15
23.74,8
23.75,11
23.76,11
23.77,11
23.78,10
23.79,8
23.8,67
23.81,4
23.82,18
23.83,9
23.84,7
23.85,8
23.86,15
23.87,10
23.88,15
23.89,8
23.9,69
23.91,22
23.92,10
23.93,11
23.94,18
23.95,10
23.96,12
23.97,19
23.98,11
23.99,14
24.0,75
24.01,11
24.02,9
24.03,14
24.04,13
24.05,16
24.06,7
24.07,10
24.08,12
24.09,14
24.1,84
24.11,12
24.12,14
24.13,11
24.14,23
24.15,14
24.16,6
24.17,12
24.18,13
24.19,10
24.2,75
24.21,12
24.22,13
24.23,17
24.24,4
24.25,17
24.26,14
24.27,12
24.28,16
24.29,13
24.3,84
24.31,10
24.32,7
24.33,13
24.34,16
24.35,7
24.36,11
24.37,10
24.38,13
24.39,11
24.4,76
24.41,8
24.42,13
24.43,12
24.44,19
24.45,13
24.46,15
24.47,10
24.48,15
24.49,16
24.5,64
24.51,18
24.52,12
24.53,13
24.54,17
24.55,11
24.56,8
24.57,16
24.58,13
24.59,10
24.6,72
24.61,12
24.62,15
24.63,12
24.64,16
24.65,21
24.66,10
24.67,7
24.68,8
24.69,10
24.7,100
24.71,13
24.72,17
24.73,14
24.74,19
24.75,12
24.76,11
24.77,21
24.78,9
24.79,20
24.8,67
24.81,16
24.82,16
24.83,12
24.84,11
24.85,12
24.86,15
24.87,16
24.88,9
24.89,10
24.9,71
24.91,12
24.92,18
24.93,16
24.94,12
24.95,9
24.96,16
24.97,15
24.98,7
24.99,10
25.0,86
25.01,17
25.02,11
25.03,6
25.04,15
25.05,11
25.06,17
25.07,8
25.08,16
25.09,12
25.1,68
25.11,12
25.12,11
25.13,5
25.14,10
25.15,12
25.16,12
25.17,8
25.18,19
25.19,17
25.2,57
25.21,8
25.22,9
25.23,10
25.24,15
25.25,11
25.26,17
25.27,14
25.28,10
25.29,15
25.3,76
25.31,11
25.32,9
25.33,9
25.34,6
25.35,11
25.36,16
25.37,10
25.38,15
25.39,10
25.4,74
25.41,8
25.42,13
25.43,9
25.44,8
25.45,16
25.46,9
25.47,16
25.48,8
25.49,10
25.5,69
25.51,11
25.52,20
25.53,10
25.54,12
25.55,13
25.56,16
25.57,6
25.58,15
25.59,14
25.6,67
25.61,17
25.62,14
25.63,10
25.64,1
25.65,10
25.66,9
25.67,11
25.68,21
25.69,15
25.7,62
25.71,8
25.72,5
25.73,5
25.74,13
25.75,8
25.76,11
25.77,11
25.78,9
25.79,7
25.8,64
25.81,13
25.82,6
25.83,10
25.84,9
25.85,14
25.86,10
25.87,10
25.88,12
25.89,5
25.9,53
25.91,14
25.92,10
25.93,8
25.94,12
25.95,13
25.96,10
25.97,13
25.98,8
25.99,5
26.0,62
26.01,10
26.02,9
26.03,9
26.04,5
26.05,5
26.06,18
26.07,13
26.08,9
26.09,10
26.1,52
26.11,7
26.12,13
26.13,9
26.14,2
26.15,11
26.16,9
26.17,11
26.18,9
26.19,8
26.2,71
26.21,10
26.22,9
26.23,10
26.24,14
26.25,7
26.26,14
26.27,6
26.28,7
26.29,10
26.3,49
26.31,13
26.32,5
26.33,9
26.34,8
26.35,6
26.36,8
26.37,16
26.38,7
26.39,7
26.4,69
26.41,15
26.42,10
26.43,7
26.44,14
26.45,6
26.46,6
26.47,6
26.48,8
26.49,9
26.5,51
26.51,13
26.52,9
26.53,11
26.54,7
26.55,4
26.56,9
26.57,6
26.58,5
26.59,8
26.6,52
26.61,15
26.62,4
26.63,4
26.64,11
26.65,7
26.66,4
26.67,11
26.68,14
26.69,9
26.7,55
26.71,5
26.72,13
26.73,15
26.74,11
26.75,9
26.76,7
26.77,7
26.78,3
26.79,10
26.8,52
26.81,10
26.82,5
26.83,8
26.84,13
26.85,7
26.86,9
26.87,4
26.88,6
26.89,13
26.9,56
26.91,9
26.92,12
26.93,10
26.94,9
26.95,6
26.96,3
26.97,6
26.98,10
26.99,6
27.0,58
27.01,11
27.02,8
27.03,13
27.04,8
27.05,13
27.06,6
27.07,6
27.08,6
27.09,10
27.1,53
27.11,10
27.12,11
27.13,9
27.14,12
27.15,9
27.16,10
27.17,5
27.18,5
27.19,7
27.2,47
27.21,9
27.22,8
27.23,10
27.24,12
27.25,10
27.26,7
27.27,8
27.28,14
27.29,5
27.3,52
27.31,10
27.32,7
27.33,4
27.34,7
27.35,10
27.36,9
27.37,8
27.38,5
27.39,10
27.4,34
27.41,8
27.42,5
27.43,8
27.44,9
27.45,7
27.46,7
27.47,10
27.48,15
27.49,5
27.5,45
27.51,11
27.52,7
27.53,4
27.54,6
27.55,8
27.56,8
27.57,6
27.58,3
27.59,5
27.6,39
27.61,9
27.62,8
27.63,5
27.64,8
27.65,12
27.66,5
27.67,5
27.68,7
27.69,6
27.7,39
27.71,7
27.72,7
27.73,10
27.74,5
27.75,4
27.76,10
27.77,8
27.78,5
27.79,8
27.8,39
27.81,7
27.82,7
27.83,10
27.84,10
27.85,5
27.86,6
27.87,4
27.88,7
27.89,7
27.9,44
27.91,5
27.92,11
27.93,3
27.94,2
27.95,7
27.96,7
27.97,8
27.98,7
27.99,2
28.0,36
28.01,12
28.02,8
28.03,4
28.04,8
28.05,4
28.06,9
28.07,4
28.08,5
28.09,7
28.1,43
28.11,7
28.12,5
28.13,7
28.14,12
28.15,8
28.16,6
28.17,5
28.18,4
28.19,16
28.2,42
28.21,4
28.22,7
28.23,4
28.24,4
28.25,10
28.26,4
28.27,6
28.28,3
28.29,5
28.3,42
28.31,6
28.32,7
28.33,9
28.34,11
28.35,7
28.36,9
28.37,10
28.38,6
28.39,2
28.4,34
28.41,2
28.42,3
28.43,6
28.44,4
28.45,6
28.46,5
28.47,9
28.48,10
28.49,6
28.5,31
28.51,11
28.52,12
28.53,3
28.54,12
28.55,8
28.56,10
28.57,7
28.58,5
28.59,9
28.6,38
28.61,10
28.62,7
28.63,9
28.64,9
28.65,6
28.66,6
28.67,8
28.68,5
28.69,7
28.7,34
28.71,2
28.72,8
28.73,10
28.74,8
28.75,6
28.76,5
28.77,4
28.78,8
28.79,6
28.8,37
28.81,8
28.82,10
28.83,7
28.84,5
28.85,6
28.86,2
28.87,4
28.88,4
28.89,5
28.9,41
28.91,6
28.92,4
28.93,9
28.94,11
28.95,4
28.96,1
28.97,6
28.98,7
28.99,5
29.0,39
29.01,4
29.02,10
29.03,7
29.04,3
29.05,5
29.06,5
29.07,7
29.08,7
29.09,4
29.1,41
29.11,4
29.12,4
29.13,8
29.14,5
29.15,4
29.16,10
29.17,10
29.18,2
29.19,9
29.2,39
29.21,11
29.22,6
29.23,10
29.24,7
29.25,8
29.26,6
29.27,2
29.28,10
29.29,8
29.3,45
29.31,7
29.32,3
29.33,6
29.34,4
29.35,6
29.36,9
29.37,4
29.38,5
29.39,7
29.4,51
29.41,7
29.42,6
29.43,5
29.44,5
29.45,7
29.46,3
29.47,5
29.48,4
29.49,10
29.5,35
29.51,8
29.52,6
29.53,3
29.54,6
29.55,5
29.56,8
29.57,6
29.58,7
29.59,3
29.6,45
29.61,4
29.62,7
29.63,8
29.64,3
29.65,3
29.66,4
29.67,6
29.68,6
29.69,9
29.7,41
29.71,8
29.72,4
29.73,6
29.74,5
29.75,5
29.76,6
29.77,6
29.78,6
29.79,8
29.8,47
29.81,8
29.82,5
29.83,4
29.84,6
29.85,3
29.86,4
29.87,7
29.88,5
29.89,9
29.9,40
29.91,6
29.92,4
29.93,11
29.94,6
29.95,7
29.96,8
29.97,11
29.98,7
29.99,8
30.0,49
30.01,5
30.02,3
30.03,4
30.04,7
30.05,6
30.06,2
30.07,4
30.08,9
30.09,3
30.1,36
30.11,3
30.12,7
30.13,5
30.14,4
30.15,6
30.16,2
30.17,7
30.18,8
30.19,3
30.2,36
30.21,6
30.22,7
30.23,6
30.24,4
30.25,7
30.26,5
30.27,6
30.28,8
30.29,5
30.3,34
30.31,7
30.32,8
30.33,3
30.34,13
30.36,3
30.37,2
30.38,5
30.39,4
30.4,40
30.41,6
30.42,4
30.43,4
30.44,6
30.45,6
30.46,4
30.47,3
30.48,4
30.49,6
30.5,31
30.51,3
30.52,3
30.53,6
30.54,6
30.55,8
30.56,6
30.57,6
30.58,7
30.59,7
30.6,40
30.61,9
30.62,9
30.63,5
30.64,6
30.65,9
30.66,9
30.67,4
30.68,7
30.69,7
30.7,42
30.71,4
30.72,9
30.73,4
30.74,4
30.75,4
30.76,8
30.77,4
30.78,4
30.79,7
30.8,39
30.81,10
30.82,6
30.83,6
30.84,9
30.85,6
30.86,4
30.87,6
30.88,4
30.89,5
30.9,42
30.91,4
30.92,6
30.93,6
30.94,5
30.95,5
30.96,7
30.97,7
30.98,1
30.99,6
31.0,45
31.01,5
31.02,11
31.03,9
31.04,3
31.05,5
31.06,7
31.07,7
31.08,4
31.09,7
31.1,44
31.11,7
31.12,5
31.13,7
31.14,6
31.15,7
31.16,4
31.17,3
31.18,2
31.19,2
31.2,34
31.21,8
31.22,4
31.23,6
31.24,4
31.25,5
31.26,8
31.27,10
31.28,3
31.29,2
31.3,45
31.31,2
31.32,3
31.33,3
31.34,8
31.35,7
31.36,3
31.37,4
31.38,8
31.39,5
31.4,48
31.41,6
31.42,4
31.43,3
31.44,6
31.45,12
31.46,4
31.47,8
31.48,6
31.49,6
31.5,39
31.51,7
31.52,8
31.53,4
31.54,7
31.55,7
31.56,3
31.57,5
31.58,6
31.59,4
31.6,32
31.61,5
31.62,5
31.63,6
31.64,6
31.65,6
31.66,7
31.67,3
31.68,6
31.69,4
31.7,33
31.71,4
31.72,2
31.73,5
31.74,4
31.75,3
31.76,7
31.77,5
31.78,9
31.79,4
31.8,26
31.81,5
31.82,10
31.83,5
31.84,5
31.85,6
31.86,7
31.87,7
31.88,9
31.89,2
31.9,28
31.91,6
31.92,3
31.93,4
31.94,6
31.95,6
31.96,4
31.97,6
31.98,4
31.99,4
32.0,31
32.01,2
32.02,2
32.03,2
32.04,5
32.05,3
32.07,11
32.08,5
32.09,7
32.1,27
32.11,6
32.12,7
32.13,8
32.14,6
32.15,8
32.16,6
32.17,3
32.18,2
32.19,5
32.2,27
32.21,4
32.22,4
32.23,5
32.24,2
32.25,2
32.26,5
32.27,3
32.28,3
32.29,5
32.3,22
32.31,3
32.32,4
32.33,3
32.34,2
32.35,6
32.36,5
32.37,4
32.38,2
32.39,5
32.4,27
32.41,2
32.42,1
32.43,2
32.44,4
32.45,3
32.46,1
32.47,6
32.48,2
32.49,3
32.5,25
32.51,1
32.52,2
32.53,6
32.54,2
32.55,2
32.56,1
32.57,7
32.58,6
32.59,3
32.6,15
32.61,3
32.62,3
32.63,3
32.64,2
32.65,1
32.66,7
32.67,2
32.68,1
32.69,8
32.7,32
32.72,1
32.73,5
32.74,2
32.75,3
32.76,4
32.77,5
32.78,3
32.79,7
32.8,21
32.82,5
32.83,5
32.84,3
32.85,5
32.86,3
32.87,1
32.88,4
32.89,4
32.9,21
32.91,2
32.92,6
32.93,3
32.94,4
32.95,2
32.96,5
32.97,2
32.98,4
32.99,2
33.0,18
33.01,3
33.02,3
33.03,4
33.04,2
33.05,3
33.06,3
33.07,3
33.08,2
33.09,6
33.1,26
33.11,5
33.12,4
33.13,8
33.14,1
33.15,8
33.16,5
33.17,3
33.18,2
33.19,2
33.2,13
33.21,4
33.22,2
33.23,2
33.24,12
33.25,2
33.26,7
33.27,7
33.28,5
33.29,3
33.3,23
33.31,5
33.32,5
33.33,5
33.34,5
33.35,3
33.36,9
33.37,8
33.38,5
33.39,6
33.4,19
33.41,3
33.42,3
33.43,3
33.44,8
33.45,6
33.46,5
33.47,3
33.48,7
33.49,8
33.5,18
33.51,6
33.52,2
33.53,4
33.54,3
33.55,4
33.56,3
33.57,4
33.58,2
33.59,6
33.6,22
33.61,1
33.62,6
33.63,5
33.64,5
33.65,9
33.66,2
33.67,1
33.68,4
33.69,8
33.7,19
33.71,2
33.72,2
33.73,4
33.74,6
33.75,3
33.76,3
33.77,2
33.78,1
33.79,1
33.8,22
33.81,3
33.82,1
33.83,4
33.84,6
33.85,3
33.86,2
33.87,1
33.88,2
33.89,4
33.9,13
33.91,1
33.93,3
33.94,7
33.95,1
33.96,5
33.97,3
33.98,5
33.99,3
34.0,20
34.01,3
34.02,8
34.04,7
34.05,9
34.06,4
34.07,6
34.08,1
34.09,3
34.1,18
34.12,2
34.13,6
34.14,1
34.16,2
34.18,3
34.19,5
34.2,20
34.21,1
34.22,2
34.23,1
34.24,4
34.25,1
34.26,2
34.27,2
34.28,4
34.29,3
34.3,16
34.31,1
34.32,1
34.33,3
34.34,1
34.35,8
34.36,3
34.37,2
34.38,3
34.39,3
34.4,14
34.41,4
34.42,3
34.43,2
34.44,1
34.45,1
34.46,3
34.47,2
34.48,5
34.49,3
34.5,19
34.51,2
34.52,4
34.53,3
34.54,1
34.55,1
34.56,5
34.57,4
34.58,1
34.59,4
34.6,16
34.61,2
34.62,3
34.63,1
34.64,2
34.66,6
34.67,4
34.69,3
34.7,19
34.71,1
34.72,3
34.73,2
34.74,4
34.75,2
34.76,1
34.77,2
34.78,4
34.79,4
34.8,7
34.81,1
34.82,3
34.83,2
34.84,4
34.85,3
34.86,5
34.88,3
34.9,17
34.91,3
34.92,4
34.94,1
34.95,1
34.96,1
34.97,2
34.98,4
34.99,3
35.0,19
35.01,3
35.02,1
35.03,3
35.04,2
35.05,2
35.06,3
35.07,1
35.08,2
35.09,1
35.1,13
35.11,2
35.13,3
35.14,5
35.15,2
35.16,3
35.18,2
35.19,2
35.2,20
35.21,1
35.22,4
35.23,1
35.24,2
35.25,4
35.26,3
35.27,1
35.28,1
35.29,1
35.3,16
35.31,2
35.32,1
35.33,1
35.34,4
35.35,2
35.36,2
35.37,1
35.38,2
35.39,1
35.4,17
35.41,3
35.42,3
35.44,2
35.45,2
35.46,2
35.47,3
35.48,1
35.49,2
35.5,18
35.51,2
35.52,4
35.53,1
35.54,4
35.55,4
35.56,4
35.57,1
35.58,5
35.59,2
35.6,16
35.61,6
35.62,2
35.63,2
35.64,3
35.65,3
35.67,1
35.68,4
35.69,3
35.7,14
35.71,2
35.72,4
35.73,3
35.75,3
35.76,1
35.77,3
35.78,7
35.79,1
35.8,12
35.81,3
35.82,3
35.83,3
35.84,2
35.85,4
35.86,3
35.87,2
35.88,1
35.89,2
35.9,21
35.91,3
35.92,3
35.93,2
35.94,3
35.95,4
35.96,1
35.97,2
35.98,1
35.99,2
36.0,18
36.01,2
36.02,3
36.03,2
36.04,3
36.07,2
36.08,4
36.09,1
36.1,17
36.11,2
36.12,2
36.13,1
36.14,3
36.15,2
36.16,1
36.17,1
36.18,1
36.19,5
36.2,19
36.21,2
36.22,4
36.24,2
36.25,3
36.26,2
36.27,2
36.28,2
36.29,1
36.3,9
36.31,3
36.32,4
36.33,1
36.34,1
36.36,2
36.38,2
36.39,1
36.4,15
36.41,2
36.43,1
36.46,3
36.47,1
36.48,3
36.49,2
36.5,11
36.51,2
36.52,2
36.54,3
36.55,3
36.56,2
36.57,3
36.6,15
36.61,1
36.62,3
36.64,1
36.66,1
36.67,2
36.68,1
36.69,3
36.7,11
36.71,2
36.74,1
36.75,2
36.77,2
36.78,1
36.79,1
36.8,17
36.81,2
36.82,3
36.83,3
36.84,5
36.85,2
36.86,1
36.87,1
36.88,2
36.9,11
36.91,3
36.92,1
36.93,4
36.94,1
36.95,2
36.96,1
36.97,1
36.99,2
37.0,9
37.01,2
37.02,1
37.03,4
37.04,1
37.05,1
37.07,3
37.08,2
37.09,2
37.1,13
37.11,5
37.12,2
37.13,1
37.15,2
37.16,2
37.18,3
37.19,2
37.2,11
37.22,3
37.23,3
37.24,2
37.25,2
37.27,3
37.28,1
37.29,1
37.3,14
37.31,1
37.32,3
37.33,1
37.34,1
37.35,3
37.36,3
37.37,3
37.38,1
37.39,2
37.4,12
37.42,1
37.44,1
37.45,2
37.46,1
37.47,1
37.48,4
37.49,2
37.5,11
37.51,2
37.53,1
37.54,3
37.55,1
37.57,1
37.58,1
37.59,2
37.6,6
37.61,1
37.62,3
37.63,1
37.64,2
37.65,2
37.66,1
37.67,3
37.69,2
37.7,11
37.72,2
37.73,3
37.74,4
37.75,1
37.76,2
37.77,1
37.78,1
37.79,1
37.8,5
37.81,4
37.84,2
37.85,1
37.86,2
37.87,1
37.88,1
37.9,11
37.91,2
37.92,5
37.94,2
37.96,2
37.97,2
37.98,1
37.99,2
38.0,10
38.01,1
38.02,1
38.04,2
38.06,2
38.08,1
38.1,12
38.12,2
38.14,2
38.15,1
38.18,1
38.19,2
38.2,13
38.21,1
38.22,1
38.23,2
38.24,1
38.25,2
38.26,2
38.27,3
38.28,1
38.3,12
38.31,2
38.33,3
38.35,1
38.36,2
38.38,2
38.39,2
38.4,4
38.43,1
38.45,1
38.46,3
38.48,2
38.5,10
38.51,1
38.54,1
38.55,1
38.57,5
38.58,1
38.59,2
38.6,10
38.61,1
38.62,1
38.63,2
38.64,2
38.65,3
38.66,1
38.67,1
38.68,2
38.69,1
38.7,8
38.71,2
38.73,2
38.75,2
38.76,3
38.78,1
38.79,2
38.8,4
38.81,3
38.82,1
38.83,1
38.84,2
38.85,1
38.86,1
38.87,1
38.88,2
38.89,3
38.9,6
38.91,1
38.95,1
38.96,2
38.97,1
38.98,1
38.99,2
39.0,12
39.01,3
39.02,1
39.04,1
39.05,1
39.06,1
39.08,1
39.09,4
39.1,5
39.13,1
39.14,4
39.15,1
39.17,1
39.18,2
39.19,1
39.2,9
39.21,1
39.22,3
39.23,3
39.26,1
39.27,1
39.28,2
39.29,1
39.3,8
39.31,1
39.32,1
39.34,1
39.35,1
39.36,1
39.37,2
39.38,2
39.4,8
39.41,1
39.42,1
39.43,1
39.45,1
39.46,1
39.48,2
39.49,1
39.5,6
39.51,1
39.52,2
39.53,1
39.54,1
39.55,3
39.56,1
39.57,2
39.59,3
39.6,8
39.62,2
39.63,2
39.64,2
39.65,3
39.66,4
39.67,1
39.69,1
39.7,6
39.72,1
39.73,1
39.74,1
39.75,1
39.76,1
39.78,2
39.79,3
39.8,8
39.81,1
39.82,1
39.83,1
39.84,1
39.86,1
39.87,2
39.88,2
39.9,5
39.91,2
39.92,1
39.96,1
39.97,2
39.99,1
40.0,10
40.02,1
40.05,3
40.08,4
40.1,11
40.11,1
40.12,2
40.13,2
40.14,1
40.18,2
40.19,1
40.2,8
40.21,1
40.22,1
40.24,3
40.26,1
40.27,1
40.3,6
40.36,1
40.37,1
40.38,1
40.4,11
40.41,1
40.42,2
40.43,2
40.44,1
40.45,2
40.46,1
40.48,1
40.49,3
40.5,14
40.53,2
40.54,1
40.56,1
40.58,2
40.6,9
40.61,1
40.62,2
40.63,2
40.64,2
40.68,1
40.7,6
40.71,2
40.73,4
40.74,1
40.75,1
40.77,1
40.78,3
40.8,8
40.84,1
40.85,1
40.86,1
40.87,2
40.88,2
40.9,11
40.91,1
40.92,1
40.93,1
40.96,2
40.97,1
40.99,1
41.0,9
41.02,2
41.03,2
41.04,1
41.05,2
41.07,1
41.1,5
41.13,1
41.14,2
41.18,1
41.19,1
41.2,8
41.22,2
41.25,1
41.26,1
41.28,1
41.29,1
41.3,5
41.32,1
41.33,1
41.34,1
41.36,2
41.37,2
41.38,2
41.39,1
41.4,7
41.41,2
41.43,1
41.44,1
41.45,1
41.48,1
41.5,3
41.52,2
41.53,2
41.54,1
41.56,1
41.57,1
41.59,1
41.6,8
41.61,2
41.62,1
41.64,1
41.65,1
41.67,2
41.7,10
41.73,2
41.74,1
41.75,1
41.78,2
41.8,10
41.87,1
41.9,9
41.91,1
41.92,1
41.93,2
41.95,1
41.96,4
41.98,2
42.0,7
42.01,1
42.02,1
42.05,1
42.07,2
42.08,2
42.1,7
42.12,2
42.15,1
42.18,2
42.2,8
42.21,3
42.22,2
42.23,1
42.24,1
42.29,2
42.3,10
42.32,1
42.34,1
42.39,1
42.4,5
42.41,1
42.42,1
42.45,1
42.49,1
42.5,4
42.51,2
42.57,2
42.58,1
42.6,11
42.61,1
42.63,1
42.64,1
42.67,2
42.7,10
42.71,2
42.72,1
42.74,1
42.77,1
42.78,1
42.79,1
42.8,5
42.81,1
42.84,2
42.86,2
42.9,4
42.93,1
43.0,6
43.01,1
43.08,1
43.1,6
43.13,3
43.14,2
43.19,1
43.2,4
43.21,2
43.22,1
43.23,1
43.24,1
43.26,1
43.27,1
43.3,9
43.31,1
43.38,1
43.4,6
43.41,1
43.43,1
43.44,1
43.45,1
43.46,1
43.48,1
43.5,9
43.52,1
43.54,1
43.58,2
43.59,2
43.6,6
43.63,2
43.67,1
43.7,6
43.72,2
43.76,1
43.78,1
43.8,6
43.84,1
43.86,1
43.87,1
43.88,1
43.9,9
43.91,1
43.96,1
43.97,1
44.0,4
44.01,1
44.02,1
44.04,1
44.06,1
44.07,2
44.1,6
44.18,1
44.19,1
44.2,5
44.22,3
44.23,1
44.26,1
44.28,1
44.3,10
44.31,1
44.32,2
44.33,1
44.34,1
44.36,1
44.38,1
44.4,4
44.42,1
44.43,1
44.46,1
44.49,3
44.5,2
44.51,2
44.52,3
44.54,2
44.55,2
44.56,1
44.59,1
44.6,5
44.61,1
44.62,1
44.63,1
44.66,1
44.68,1
44.7,2
44.72,2
44.73,1
44.75,1
44.76,1
44.77,2
44.79,1
44.8,5
44.83,1
44.85,1
44.86,1
44.9,2
44.97,1
45.0,6
45.01,1
45.02,1
45.04,1
45.05,1
45.08,1
45.1,5
45.12,2
45.16,1
45.17,1
45.2,5
45.23,2
45.25,1
45.26,2
45.29,2
45.3,2
45.32,1
45.34,1
45.38,1
45.4,7
45.44,1
45.46,1
45.48,2
45.49,2
45.5,5
45.51,1
45.54,1
45.55,1
45.58,1
45.6,7
45.61,1
45.62,2
45.65,2
45.68,1
45.7,4
45.72,1
45.8,5
45.84,1
45.86,1
45.88,1
45.9,2
45.92,1
45.96,1
45.99,1
46.0,1
46.02,1
46.09,1
46.1,3
46.12,1
46.13,1
46.15,1
46.16,1
46.2,2
46.21,2
46.22,1
46.24,1
46.3,3
46.32,1
46.35,1
46.37,1
46.39,1
46.4,1
46.47,1
46.5,3
46.56,2
46.57,1
46.58,1
46.59,1
46.6,4
46.65,1
46.67,1
46.7,4
46.76,1
46.77,1
46.8,6
46.84,1
46.86,1
46.88,1
46.9,3
46.91,1
46.92,1
46.98,1
47.0,3
47.09,1
47.1,5
47.16,2
47.18,1
47.19,1
47.2,1
47.23,2
47.26,1
47.28,1
47.29,1
47.3,2
47.4,2
47.42,2
47.44,1
47.45,1
47.5,4
47.51,1
47.59,1
47.6,1
47.63,1
47.64,2
47.7,1
47.75,1
47.78,1
47.8,4
47.82,2
47.83,1
47.9,3
47.91,1
47.95,1
47.97,1
47.98,1
48.0,1
48.02,1
48.03,1
48.04,1
48.06,1
48.1,2
48.16,1
48.2,2
48.22,1
48.26,1
48.3,3
48.35,2
48.4,3
48.43,1
48.47,1
48.5,2
48.51,1
48.56,1
48.57,1
48.6,1
48.62,1
48.66,1
48.67,1
48.7,2
48.73,1
48.76,1
48.79,2
48.8,2
48.81,1
48.82,1
48.89,1
48.9,5
48.96,1
48.97,1
48.98,1
49.0,3
49.01,1
49.05,1
49.11,1
49.17,2
49.2,1
49.21,1
49.22,1
49.24,1
49.26,1
49.28,1
49.29,1
49.3,3
49.31,1
49.32,1
49.33,1
49.35,1
49.4,2
49.45,1
49.5,1
49.53,3
49.54,1
49.6,1
49.69,1
49.7,8
49.71,1
49.72,1
49.73,1
49.77,1
49.78,1
49.8,2
49.82,1
49.88,1
49.93,1
49.94,1
